{"cameraMode":{"drawMode":0,"name":"Shaded","section":"Shading Mode"},"sceneLighting":false,"audioPlay":false,"sceneViewState":{"m_AlwaysRefresh":false,"showFog":true,"showSkybox":false,"showFlares":true,"showImageEffects":true,"showParticleSystems":true,"showVisualEffectGraphs":true,"m_FxEnabled":true},"in2DMode":false,"pivot":{"x":18.770000457763673,"y":3.6134543418884279,"z":10.890000343322754},"rotation":{"x":0.306769996881485,"y":-0.03770846873521805,"z":0.012068244628608227,"w":0.9511181116104126},"size":4.415858268737793,"orthographic":false}