{"cameraMode":{"drawMode":0,"name":"Shaded","section":"Shading Mode"},"sceneLighting":false,"audioPlay":false,"sceneViewState":{"m_AlwaysRefresh":false,"showFog":true,"showSkybox":false,"showFlares":true,"showImageEffects":true,"showParticleSystems":true,"showVisualEffectGraphs":true,"m_FxEnabled":true},"in2DMode":false,"pivot":{"x":3.604807138442993,"y":3.0238053798675539,"z":6.3399338722229},"rotation":{"x":-0.0005647822981700301,"y":-0.9917592406272888,"z":0.0024995834100991489,"w":0.13288401067256928},"size":5.637585639953613,"orthographic":false}