{"cameraMode":{"drawMode":0,"name":"Shaded","section":"Shading Mode"},"sceneLighting":false,"audioPlay":false,"sceneViewState":{"m_AlwaysRefresh":false,"showFog":true,"showSkybox":false,"showFlares":true,"showImageEffects":true,"showParticleSystems":true,"showVisualEffectGraphs":true,"m_FxEnabled":true},"in2DMode":false,"pivot":{"x":0.0071137435734272,"y":0.02787581831216812,"z":0.0006410069763660431},"rotation":{"x":-0.3390122950077057,"y":-0.1397380381822586,"z":0.04830046370625496,"w":-0.9299904108047485},"size":0.02550000138580799,"orthographic":false}