{"cameraMode":{"drawMode":0,"name":"Shaded","section":"Shading Mode"},"sceneLighting":false,"audioPlay":false,"sceneViewState":{"m_AlwaysRefresh":false,"showFog":true,"showSkybox":false,"showFlares":true,"showImageEffects":true,"showParticleSystems":true,"showVisualEffectGraphs":true,"m_FxEnabled":true},"in2DMode":false,"pivot":{"x":16.33418846130371,"y":7.980508327484131,"z":15.159808158874512},"rotation":{"x":0.12916721403598786,"y":0.7618774771690369,"z":-0.15918900072574616,"w":0.6149275302886963},"size":0.0015821631532162428,"orthographic":false}